SQL> CREATE TABLE DEPARTAMENTO
  2  (CD NUMBER(2) PRIMARY KEY, D VARCHAR2(60));

Table created.

SQL> COMMIT
  2  ;

Commit complete.

SQL> CREATE TABLE AREA
  2  (CAR NUMBER(3) PRIMARY KEY, AR VARCHAR2(60), CD NUMBER(2) REFERENCES DEPARTAMENTO ON DELETE CASCADE);

Table created.

SQL> COMMIT;

Commit complete.

SQL> CREATE TABLE PROFESOR
  2  (DNI NUMBER(8) PRIMARY KEY, P VARCHAR2(60), CAR NUMBER(3), CAT VARCHAR2(5), FOREIGN KEY (CAR) REFERENCES AREA ON DELETE SET NULL);

Table created.

SQL> COMMIT;

Commit complete.

SQL> CREATE TABLE ASIGNATURA
  2  (CAS NUMBER(3) PRIMARY KEY, A VARCHAR2(50) NOT NULL,
  3  T CHAR(4) NOT NULL, CUR NUMBER(1) CHECK (CUR BETWEEN 1 AND 5),
  4  CAR NUMBER(3) REFERENCES AREA ON DELETE SET NULL,
  5  CT NUMBER(3,1) DEFAULT 0.0,
  6  CP NUMBER(3,1) DEFAULT 0.0,
  7  CL NUMBER(3,1) DEFAULT 0.0);

Table created.

SQL> COMMIT;

Commit complete.

SQL> CREATE TABLE PLAN_DOCENTE
  2  (DNI NUMBER(8),
  3  CAS NUMBER(3),
  4  CTA NUMMBER(3,1) DEFAULT 0.0,
  5  CPA NUMBER(3,1) DEFAULT 0.0,
  6  CLA NUMBER(3,1) DEFAULT 0.0,
  7  FI DATE DEFAULT SYSDATE,
  8  FF DATE,
  9  PRIMARY KEY (DNI, CAS, FI),
 10  FOREIGN KEY (CAS) REFERENCES ASIGNATURA ON DELETE CASCADE,
 11  FOREIGN KEY (DNI) REFERENCES PROFESOR ON DELETE CASCADE,
 12  CHECK (FF >= FI));
CTA NUMMBER(3,1) DEFAULT 0.0,
           *
ERROR at line 4:
ORA-00907: missing right parenthesis 


SQL> CREATE TABLE PLAN_DOCENTE
  2  ;

*
ERROR at line 2:
ORA-00906: missing left parenthesis 


SQL> DROP TABLE PLAN_DOCENTE
  2  ;
DROP TABLE PLAN_DOCENTE
           *
ERROR at line 1:
ORA-00942: table or view does not exist 


SQL> CREATE TABLE PLAN_DOCENTE
  2  (DNI NUMBER(8),
  3  CAS NUMBER(3),
  4  CTA NUMBER(3,1) DEFAULT 0.0,
  5  CPA NUMBER(3,1) DEFAULT 0.0,
  6  CLA NUMBER(3,1) DEFAULT 0.0,
  7  FI DATE DEFAULT SYSDATE,
  8  FF DATE,
  9  PRIMARY KEY (DNI, CAS, FI),
 10  FOREIGN KEY (CAS) REFERENCES ASIGNATURA ON DELETE CASCADE,
 11  FOREIGN KEY (DNI) REFERENCES PROFESOR ON DELETE CASCADE,
 12  CHECK (FF >= FI));

Table created.

SQL> COMMIT;

Commit complete.

SQL> INSERT INTO DEPARTAMENTO
  2  VALUES(1, 'ANALISIS MATEMATICO');

1 row created.

SQL> INSERT INTO DEPARTAMENTO
  2  VALUES(2, 'ASTROFISICA');

1 row created.

SQL> INSERT INTO DEPARTAMENTO
  2  VALUES(3, 'ESTADISTICA, INVESTIGACION OPERATIVA Y COMPUTACION');

1 row created.

SQL> INSERT INTO DEPARTAMENTO
  2  VALUES(4, 'MATEMATICA FUNDAMENTAL');

1 row created.

SQL> SELECT *
  2  FROM DEPARTAMENTO;

        CD D                                                                    
---------- ------------------------------------------------------------         
         1 ANALISIS MATEMATICO                                                  
         2 ASTROFISICA                                                          
         3 ESTADISTICA, INVESTIGACION OPERATIVA Y COMPUTACION                   
         4 MATEMATICA FUNDAMENTAL                                               

SQL> COMMIT;

Commit complete.

SQL> INSERT INTO AREA
  2  VALUES(1, 'ALGEBRA', 4);

1 row created.

SQL> INSERT INTO AREA
  2  VALUES(2, 'ANALISIS MATEMATICO', 1);

1 row created.

SQL> INSERT INTO AREA
  2  VALUES(3, 'ASTRONOMIA Y ASTROFISICA', 2);

1 row created.

SQL> INSERT INTO AREA
  2  VALUES(4, 'CIENCIAS DE LA COMPUTACION E INTELIGENCIA ARTIFICIAL', 3);

1 row created.

SQL> INSERT INTO AREA
  2  VALUES(5, 'DIDACTICA DE LA MATEMATICA', 1);

1 row created.

SQL> INSERT INTO AREA
  2  VALUES(6, 'ESTADISTICA E INVESTIGACION OPERATIVA', 3);

1 row created.

SQL> INSERT INTO AREA
  2  VALUES(7, 'LENGUAJES Y SISTEMAS INFORMATICOS', 3);

1 row created.

SQL> INSERT INTO AREA
  2  VALUES(8, 'MATEMATICA APLICADA', 1);

1 row created.

SQL> SELECT *
  2  FROM AREA;

       CAR AR                                                                   
---------- ------------------------------------------------------------         
        CD                                                                      
----------                                                                      
         1 ALGEBRA                                                              
         4                                                                      
                                                                                
         2 ANALISIS MATEMATICO                                                  
         1                                                                      
                                                                                
         3 ASTRONOMIA Y ASTROFISICA                                             
         2                                                                      
                                                                                

       CAR AR                                                                   
---------- ------------------------------------------------------------         
        CD                                                                      
----------                                                                      
         4 CIENCIAS DE LA COMPUTACION E INTELIGENCIA ARTIFICIAL                 
         3                                                                      
                                                                                
         5 DIDACTICA DE LA MATEMATICA                                           
         1                                                                      
                                                                                
         6 ESTADISTICA E INVESTIGACION OPERATIVA                                
         3                                                                      
                                                                                

       CAR AR                                                                   
---------- ------------------------------------------------------------         
        CD                                                                      
----------                                                                      
         7 LENGUAJES Y SISTEMAS INFORMATICOS                                    
         3                                                                      
                                                                                
         8 MATEMATICA APLICADA                                                  
         1                                                                      
                                                                                

8 rows selected.

SQL> SET LINESIZE 300
SQL> SET PAGESIZE 300
SQL> SELECT *
  2  FROM AREA;

       CAR AR                                                                   CD                                                                                                                                                                                                                          
---------- ------------------------------------------------------------ ----------                                                                                                                                                                                                                          
         1 ALGEBRA                                                               4                                                                                                                                                                                                                          
         2 ANALISIS MATEMATICO                                                   1                                                                                                                                                                                                                          
         3 ASTRONOMIA Y ASTROFISICA                                              2                                                                                                                                                                                                                          
         4 CIENCIAS DE LA COMPUTACION E INTELIGENCIA ARTIFICIAL                  3                                                                                                                                                                                                                          
         5 DIDACTICA DE LA MATEMATICA                                            1                                                                                                                                                                                                                          
         6 ESTADISTICA E INVESTIGACION OPERATIVA                                 3                                                                                                                                                                                                                          
         7 LENGUAJES Y SISTEMAS INFORMATICOS                                     3                                                                                                                                                                                                                          
         8 MATEMATICA APLICADA                                                   1                                                                                                                                                                                                                          

8 rows selected.

SQL> COMMIT;

Commit complete.

SQL> INSERT INTO PROFESOR
  2  VALUES(1111, 'JUAN', 6, 'CU');

1 row created.

SQL> INSERT INTO PROFESOR
  2  VALUES(2222, 'CARLOS' 7, 'TU');
VALUES(2222, 'CARLOS' 7, 'TU')
                      *
ERROR at line 2:
ORA-00917: missing comma 


SQL> INSERT INTO PROFESOR
  2  VALUES(2222, 'CARLOS', 7, 'TU');

1 row created.

SQL> SELECT *
  2  FROM PROFESOR;

       DNI P                                                                   CAR CAT                                                                                                                                                                                                                      
---------- ------------------------------------------------------------ ---------- -----                                                                                                                                                                                                                    
      1111 JUAN                                                                  6 CU                                                                                                                                                                                                                       
      2222 CARLOS                                                                7 TU                                                                                                                                                                                                                       

SQL> INSERT INTO PROFESOR
  2  VALUES(3333, 'PEDRO', 4, 'TEU');

1 row created.

SQL> INSERT INTO PROFESOR
  2  VALUES(4444, 'MARIA', 7, 'TU');

1 row created.

SQL> INSERT INTO PROFESOR
  2  VALUES(5555, 'IVAN', 1, 'CEU');

1 row created.

SQL> INSERT INTO PROFESOR
  2  VALUES(6666, 'CARMEN', 3, 'CD');

1 row created.

SQL> INSERT INTO PROFESOR
  2  VALUES(7777, 'MARIO', 2, 'TU');

1 row created.

SQL> INSERT INTO PROFESOR
  2  VALUES(8888, 'FRANCISCO', 5, 'TU');

1 row created.

SQL> INSERT INTO PROFESOR
  2  VALUES(9999, 'ANGELA', 8, 'TEU');

1 row created.

SQL> INSERT INTO PROFESOR
  2  VALUES(1010, 'DAVID', 4, 'TU');

1 row created.

SQL> INSERT INTO PROFESOR
  2  VALUES(2020, 'SOLEDAD', 7, 'CU');

1 row created.

SQL> INSERT INTO PROFESOR
  2  VALUES(3030, 'JOSE MANUEL', 6, 'TEU');

1 row created.

SQL> SELECT *
  2  FROM PROFESOR;

       DNI P                                                                   CAR CAT                                                                                                                                                                                                                      
---------- ------------------------------------------------------------ ---------- -----                                                                                                                                                                                                                    
      1111 JUAN                                                                  6 CU                                                                                                                                                                                                                       
      2222 CARLOS                                                                7 TU                                                                                                                                                                                                                       
      3333 PEDRO                                                                 4 TEU                                                                                                                                                                                                                      
      4444 MARIA                                                                 7 TU                                                                                                                                                                                                                       
      5555 IVAN                                                                  1 CEU                                                                                                                                                                                                                      
      6666 CARMEN                                                                3 CD                                                                                                                                                                                                                       
      7777 MARIO                                                                 2 TU                                                                                                                                                                                                                       
      8888 FRANCISCO                                                             5 TU                                                                                                                                                                                                                       
      9999 ANGELA                                                                8 TEU                                                                                                                                                                                                                      
      1010 DAVID                                                                 4 TU                                                                                                                                                                                                                       
      2020 SOLEDAD                                                               7 CU                                                                                                                                                                                                                       
      3030 JOSE MANUEL                                                           6 TEU                                                                                                                                                                                                                      

12 rows selected.

SQL> COMMIT;

Commit complete.

SQL> SPOOL
currently spooling to PRACT3.lst
SQL> SPOOL OFF
