SQL> SPOOL
currently spooling to PRACT7_S2.lst
SQL> -- APARTADO 12:
SQL> SELECT *
  2  FROM PROFESOR;

       DNI P                                                                    
---------- ------------------------------------------------------------         
       CAR CAT                                                                  
---------- -----                                                                
      1111 JUAN                                                                 
         6 CU                                                                   
                                                                                
      2222 CARLOS                                                               
         7 TU                                                                   
                                                                                
      3333 PEDRO                                                                
         4 TEU                                                                  
                                                                                

       DNI P                                                                    
---------- ------------------------------------------------------------         
       CAR CAT                                                                  
---------- -----                                                                
      4444 MARIA                                                                
         7 TU                                                                   
                                                                                
      5555 IVAN                                                                 
         1 CEU                                                                  
                                                                                
      6666 CARMEN                                                               
         3 CD                                                                   
                                                                                

       DNI P                                                                    
---------- ------------------------------------------------------------         
       CAR CAT                                                                  
---------- -----                                                                
      7777 MARIO                                                                
         2 TU                                                                   
                                                                                
      8888 FRANCISCO                                                            
         5 TU                                                                   
                                                                                
      9999 ANGELA                                                               
         8 TEU                                                                  
                                                                                

       DNI P                                                                    
---------- ------------------------------------------------------------         
       CAR CAT                                                                  
---------- -----                                                                
      1010 DAVID                                                                
         4 TU                                                                   
                                                                                
      2020 SOLEDAD                                                              
         7 CU                                                                   
                                                                                
      3030 JOSE MANUEL                                                          
         6 TEU                                                                  
                                                                                

       DNI P                                                                    
---------- ------------------------------------------------------------         
       CAR CAT                                                                  
---------- -----                                                                
      4040 CARMELO                                                              
         7 TU                                                                   
                                                                                

13 rows selected.

SQL> SET LINESIZE 380
SQL> SET PAGESIZE 380
SQL> RUN;
  1  SELECT *
  2* FROM PROFESOR

       DNI P                                                                   CAR CAT                                                                                                                                                                                                                                                                                                      
---------- ------------------------------------------------------------ ---------- -----                                                                                                                                                                                                                                                                                                    
      1111 JUAN                                                                  6 CU                                                                                                                                                                                                                                                                                                       
      2222 CARLOS                                                                7 TU                                                                                                                                                                                                                                                                                                       
      3333 PEDRO                                                                 4 TEU                                                                                                                                                                                                                                                                                                      
      4444 MARIA                                                                 7 TU                                                                                                                                                                                                                                                                                                       
      5555 IVAN                                                                  1 CEU                                                                                                                                                                                                                                                                                                      
      6666 CARMEN                                                                3 CD                                                                                                                                                                                                                                                                                                       
      7777 MARIO                                                                 2 TU                                                                                                                                                                                                                                                                                                       
      8888 FRANCISCO                                                             5 TU                                                                                                                                                                                                                                                                                                       
      9999 ANGELA                                                                8 TEU                                                                                                                                                                                                                                                                                                      
      1010 DAVID                                                                 4 TU                                                                                                                                                                                                                                                                                                       
      2020 SOLEDAD                                                               7 CU                                                                                                                                                                                                                                                                                                       
      3030 JOSE MANUEL                                                           6 TEU                                                                                                                                                                                                                                                                                                      
      4040 CARMELO                                                               7 TU                                                                                                                                                                                                                                                                                                       

13 rows selected.

SQL> /* COMO SE OBSERVA, LOS DATOS DE LA PROFESORA CARINA NO SE LISTAN EN LA TABLA PROFESOR YA QUE NO HEMOS HECHO
SQL> QUE LOS CAMBIOS SEAN PERMANENTES A PARTIR DE ESE PUNTO, SINO QUE NUESTRO ULTIMO COMMIT FUE AL ANYADIR LOS
SQL> DATOS DEL PROFESOR CARMELO: */
SQL> -- APARTADO 13:
SQL> INSERT INTO PROFESOR
  2  VALUES(5050, 'CARINA', 8, 'CEU');
INSERT INTO PROFESOR
*
ERROR at line 1:
ORA-00001: unique constraint (ALU0101265704.SYS_C00214639) violated 


SQL> 
SQL> -- APARTADO 15:
SQL> SELECT *
  2  FROM PROFESOR;

       DNI P                                                                   CAR CAT                                                                                                                                                                                                                                                                                                      
---------- ------------------------------------------------------------ ---------- -----                                                                                                                                                                                                                                                                                                    
      1111 JUAN                                                                  6 CU                                                                                                                                                                                                                                                                                                       
      2222 CARLOS                                                                7 TU                                                                                                                                                                                                                                                                                                       
      3333 PEDRO                                                                 4 TEU                                                                                                                                                                                                                                                                                                      
      4444 MARIA                                                                 7 TU                                                                                                                                                                                                                                                                                                       
      5555 IVAN                                                                  1 CEU                                                                                                                                                                                                                                                                                                      
      6666 CARMEN                                                                3 CD                                                                                                                                                                                                                                                                                                       
      7777 MARIO                                                                 2 TU                                                                                                                                                                                                                                                                                                       
      8888 FRANCISCO                                                             5 TU                                                                                                                                                                                                                                                                                                       
      9999 ANGELA                                                                8 TEU                                                                                                                                                                                                                                                                                                      
      1010 DAVID                                                                 4 TU                                                                                                                                                                                                                                                                                                       
      2020 SOLEDAD                                                               7 CU                                                                                                                                                                                                                                                                                                       
      3030 JOSE MANUEL                                                           6 TEU                                                                                                                                                                                                                                                                                                      
      4040 CARMELO                                                               7 TU                                                                                                                                                                                                                                                                                                       
      5050 CARINA                                                                8 CEU                                                                                                                                                                                                                                                                                                      

14 rows selected.

SQL> /* AHORA APARECEN LOS CAMBIOS DE CARINA PERO PORQUE HEMOS HECHO UN COMMIT EN LA SESION 1, DONDE TAMBIEN HABIAMOS
SQL> ANYADIDO LA MISMA T-UPLA CON LOS MISMOS DATOS */
SQL> -- APARTADO 16:
SQL> SPOOL
currently spooling to PRACT7_S2.lst
SQL> SPOOL OFF
